app,metric,value,machine
S.x,time,1.630137,hype
S.x,time,1.608253,hype
S.x,time,1.608382,hype
S.x,time,1.607715,hype
S.x,time,1.608271,hype
S.x,time,1.607920,hype
S.x,time,1.607920,hype
S.x,time,1.608269,hype
S.x,time,1.608056,hype
S.x,time,1.608389,hype
S.x,time,1.608450,hype
S.x,time,1.607762,hype
S.x,time,1.608256,hype
S.x,time,1.608643,hype
S.x,time,1.607797,hype
S.x,time,1.607919,hype
S.x,time,1.608263,hype
S.x,time,1.609093,hype
S.x,time,1.608203,hype
S.x,time,1.607801,hype
S.x,time,1.608020,hype
S.x,time,1.608130,hype
S.x,time,1.608723,hype
S.x,time,1.608030,hype
S.x,time,1.608299,hype
S.x,time,1.608424,hype
S.x,time,1.608778,hype
S.x,time,1.607547,hype
S.x,time,1.608520,hype
S.x,time,1.608605,hype
